Species,lineage,ncbi_tax_id,percentage,reads_direct
Segatella copri,d__Bacteria|p__Bacteroidota|c__Bacteroidia|o__Bacteroidales|f__Prevotellaceae|g__Segatella|s__Segatella_copri,165179,9.39,5746
Prevotella intermedia,d__Bacteria|p__Bacteroidota|c__Bacteroidia|o__Bacteroidales|f__Prevotellaceae|g__Prevotella|s__Prevotella_intermedia,28131,0.02,10
Prevotella dentalis,d__Bacteria|p__Bacteroidota|c__Bacteroidia|o__Bacteroidales|f__Prevotellaceae|g__Prevotella|s__Prevotella_dentalis,908937,0.01,4
Prevotella scopos,d__Bacteria|p__Bacteroidota|c__Bacteroidia|o__Bacteroidales|f__Prevotellaceae|g__Prevotella|s__Prevotella_scopos,1236518,0.01,4
Prevotella jejuni,d__Bacteria|p__Bacteroidota|c__Bacteroidia|o__Bacteroidales|f__Prevotellaceae|g__Prevotella|s__Prevotella_jejuni,1177574,0.01,4
Prevotella sp._oral_taxon_299,d__Bacteria|p__Bacteroidota|c__Bacteroidia|o__Bacteroidales|f__Prevotellaceae|g__Prevotella|s__Prevotella_sp._oral_taxon_299,575614,0.0,2
Prevotella herbatica,d__Bacteria|p__Bacteroidota|c__Bacteroidia|o__Bacteroidales|f__Prevotellaceae|g__Prevotella|s__Prevotella_herbatica,2801997,0.0,1
Prevotella melaninogenica,d__Bacteria|p__Bacteroidota|c__Bacteroidia|o__Bacteroidales|f__Prevotellaceae|g__Prevotella|s__Prevotella_melaninogenica,28132,0.0,1
Paraprevotella xylaniphila,d__Bacteria|p__Bacteroidota|c__Bacteroidia|o__Bacteroidales|f__Prevotellaceae|g__Paraprevotella|s__Paraprevotella_xylaniphila,762982,0.04,22
Bacteroides fragilis,d__Bacteria|p__Bacteroidota|c__Bacteroidia|o__Bacteroidales|f__Bacteroidaceae|g__Bacteroides|s__Bacteroides_fragilis,817,0.46,277
Bacteroides fragilis,d__Bacteria|p__Bacteroidota|c__Bacteroidia|o__Bacteroidales|f__Bacteroidaceae|g__Bacteroides|s__Bacteroides_fragilis,862962,0.0,3
Bacteroides thetaiotaomicron,d__Bacteria|p__Bacteroidota|c__Bacteroidia|o__Bacteroidales|f__Bacteroidaceae|g__Bacteroides|s__Bacteroides_thetaiotaomicron,818,0.22,134
Bacteroides caccae,d__Bacteria|p__Bacteroidota|c__Bacteroidia|o__Bacteroidales|f__Bacteroidaceae|g__Bacteroides|s__Bacteroides_caccae,47678,0.21,131
Bacteroides xylanisolvens,d__Bacteria|p__Bacteroidota|c__Bacteroidia|o__Bacteroidales|f__Bacteroidaceae|g__Bacteroides|s__Bacteroides_xylanisolvens,371601,0.18,111
Bacteroides uniformis,d__Bacteria|p__Bacteroidota|c__Bacteroidia|o__Bacteroidales|f__Bacteroidaceae|g__Bacteroides|s__Bacteroides_uniformis,820,0.14,88
Bacteroides ovatus,d__Bacteria|p__Bacteroidota|c__Bacteroidia|o__Bacteroidales|f__Bacteroidaceae|g__Bacteroides|s__Bacteroides_ovatus,28116,0.13,81
Bacteroides zhangwenhongii,d__Bacteria|p__Bacteroidota|c__Bacteroidia|o__Bacteroidales|f__Bacteroidaceae|g__Bacteroides|s__Bacteroides_zhangwenhongii,2650157,0.04,24
Bacteroides sp._M10,d__Bacteria|p__Bacteroidota|c__Bacteroidia|o__Bacteroidales|f__Bacteroidaceae|g__Bacteroides|s__Bacteroides_sp._M10,2763022,0.02,14
Bacteroides sp._A1C1,d__Bacteria|p__Bacteroidota|c__Bacteroidia|o__Bacteroidales|f__Bacteroidaceae|g__Bacteroides|s__Bacteroides_sp._A1C1,2528203,0.01,4
Bacteroides faecium,d__Bacteria|p__Bacteroidota|c__Bacteroidia|o__Bacteroidales|f__Bacteroidaceae|g__Bacteroides|s__Bacteroides_faecium,2715212,0.0,1
Bacteroides sp._CACC_737,d__Bacteria|p__Bacteroidota|c__Bacteroidia|o__Bacteroidales|f__Bacteroidaceae|g__Bacteroides|s__Bacteroides_sp._CACC_737,2755405,0.0,1
Bacteroides eggerthii,d__Bacteria|p__Bacteroidota|c__Bacteroidia|o__Bacteroidales|f__Bacteroidaceae|g__Bacteroides|s__Bacteroides_eggerthii,28111,0.04,23
Bacteroides cellulosilyticus,d__Bacteria|p__Bacteroidota|c__Bacteroidia|o__Bacteroidales|f__Bacteroidaceae|g__Bacteroides|s__Bacteroides_cellulosilyticus,246787,0.01,5
Bacteroides intestinalis,d__Bacteria|p__Bacteroidota|c__Bacteroidia|o__Bacteroidales|f__Bacteroidaceae|g__Bacteroides|s__Bacteroides_intestinalis,329854,0.01,5
Bacteroides caecimuris,d__Bacteria|p__Bacteroidota|c__Bacteroidia|o__Bacteroidales|f__Bacteroidaceae|g__Bacteroides|s__Bacteroides_caecimuris,1796613,0.0,2
Phocaeicola vulgatus,d__Bacteria|p__Bacteroidota|c__Bacteroidia|o__Bacteroidales|f__Bacteroidaceae|g__Phocaeicola|s__Phocaeicola_vulgatus,821,0.74,455
Phocaeicola dorei,d__Bacteria|p__Bacteroidota|c__Bacteroidia|o__Bacteroidales|f__Bacteroidaceae|g__Phocaeicola|s__Phocaeicola_dorei,357276,0.4,226
Phocaeicola dorei,d__Bacteria|p__Bacteroidota|c__Bacteroidia|o__Bacteroidales|f__Bacteroidaceae|g__Phocaeicola|s__Phocaeicola_dorei,997877,0.03,16
Phocaeicola coprophilus,d__Bacteria|p__Bacteroidota|c__Bacteroidia|o__Bacteroidales|f__Bacteroidaceae|g__Phocaeicola|s__Phocaeicola_coprophilus,387090,0.05,29
Phocaeicola salanitronis,d__Bacteria|p__Bacteroidota|c__Bacteroidia|o__Bacteroidales|f__Bacteroidaceae|g__Phocaeicola|s__Phocaeicola_salanitronis,667015,0.0,2
Alistipes indistinctus,d__Bacteria|p__Bacteroidota|c__Bacteroidia|o__Bacteroidales|f__Rikenellaceae|g__Alistipes|s__Alistipes_indistinctus,626932,0.07,45
Alistipes shahii,d__Bacteria|p__Bacteroidota|c__Bacteroidia|o__Bacteroidales|f__Rikenellaceae|g__Alistipes|s__Alistipes_shahii,717959,0.07,42
Alistipes communis,d__Bacteria|p__Bacteroidota|c__Bacteroidia|o__Bacteroidales|f__Rikenellaceae|g__Alistipes|s__Alistipes_communis,2585118,0.06,37
Alistipes finegoldii,d__Bacteria|p__Bacteroidota|c__Bacteroidia|o__Bacteroidales|f__Rikenellaceae|g__Alistipes|s__Alistipes_finegoldii,679935,0.03,17
Alistipes megaguti,d__Bacteria|p__Bacteroidota|c__Bacteroidia|o__Bacteroidales|f__Rikenellaceae|g__Alistipes|s__Alistipes_megaguti,2364787,0.03,16
Alistipes onderdonkii,d__Bacteria|p__Bacteroidota|c__Bacteroidia|o__Bacteroidales|f__Rikenellaceae|g__Alistipes|s__Alistipes_onderdonkii,2585117,0.02,14
Alistipes sp._dk3624,d__Bacteria|p__Bacteroidota|c__Bacteroidia|o__Bacteroidales|f__Rikenellaceae|g__Alistipes|s__Alistipes_sp._dk3624,2662363,0.0,2
Alistipes dispar,d__Bacteria|p__Bacteroidota|c__Bacteroidia|o__Bacteroidales|f__Rikenellaceae|g__Alistipes|s__Alistipes_dispar,2585119,0.0,1
Parabacteroides distasonis,d__Bacteria|p__Bacteroidota|c__Bacteroidia|o__Bacteroidales|f__Tannerellaceae|g__Parabacteroides|s__Parabacteroides_distasonis,823,0.03,20
Parabacteroides sp._CT06,d__Bacteria|p__Bacteroidota|c__Bacteroidia|o__Bacteroidales|f__Tannerellaceae|g__Parabacteroides|s__Parabacteroides_sp._CT06,2025876,0.0,2
Parabacteroides goldsteinii,d__Bacteria|p__Bacteroidota|c__Bacteroidia|o__Bacteroidales|f__Tannerellaceae|g__Parabacteroides|s__Parabacteroides_goldsteinii,328812,0.0,1
Butyricimonas faecalis,d__Bacteria|p__Bacteroidota|c__Bacteroidia|o__Bacteroidales|f__Odoribacteraceae|g__Butyricimonas|s__Butyricimonas_faecalis,2093856,0.04,24
Butyricimonas virosa,d__Bacteria|p__Bacteroidota|c__Bacteroidia|o__Bacteroidales|f__Odoribacteraceae|g__Butyricimonas|s__Butyricimonas_virosa,544645,0.01,9
Odoribacter splanchnicus,d__Bacteria|p__Bacteroidota|c__Bacteroidia|o__Bacteroidales|f__Odoribacteraceae|g__Odoribacter|s__Odoribacter_splanchnicus,28118,0.03,20
Coprobacter secundus,d__Bacteria|p__Bacteroidota|c__Bacteroidia|o__Bacteroidales|f__Barnesiellaceae|g__Coprobacter|s__Coprobacter_secundus,2751153,0.01,4
Barnesiella viscericola,d__Bacteria|p__Bacteroidota|c__Bacteroidia|o__Bacteroidales|f__Barnesiellaceae|g__Barnesiella|s__Barnesiella_viscericola,880074,0.0,1
Sodaliphilus pleomorphus,d__Bacteria|p__Bacteroidota|c__Bacteroidia|o__Bacteroidales|f__Muribaculaceae|g__Sodaliphilus|s__Sodaliphilus_pleomorphus,2606626,0.01,4
Roseburia intestinalis,d__Bacteria|p__Bacillota|c__Clostridia|o__Lachnospirales|f__Lachnospiraceae|g__Roseburia|s__Roseburia_intestinalis,166486,2.16,1070
Roseburia intestinalis,d__Bacteria|p__Bacillota|c__Clostridia|o__Lachnospirales|f__Lachnospiraceae|g__Roseburia|s__Roseburia_intestinalis,718255,0.16,96
Roseburia intestinalis,d__Bacteria|p__Bacillota|c__Clostridia|o__Lachnospirales|f__Lachnospiraceae|g__Roseburia|s__Roseburia_intestinalis,536231,0.14,87
Roseburia intestinalis,d__Bacteria|p__Bacillota|c__Clostridia|o__Lachnospirales|f__Lachnospiraceae|g__Roseburia|s__Roseburia_intestinalis,657315,0.11,69
Roseburia hominis,d__Bacteria|p__Bacillota|c__Clostridia|o__Lachnospirales|f__Lachnospiraceae|g__Roseburia|s__Roseburia_hominis,301301,0.21,129
Lachnospira eligens,d__Bacteria|p__Bacillota|c__Clostridia|o__Lachnospirales|f__Lachnospiraceae|g__Lachnospira|s__Lachnospira_eligens,515620,0.36,223
Coprococcus comes,d__Bacteria|p__Bacillota|c__Clostridia|o__Lachnospirales|f__Lachnospiraceae|g__Coprococcus|s__Coprococcus_comes,410072,0.09,58
Coprococcus catus,d__Bacteria|p__Bacillota|c__Clostridia|o__Lachnospirales|f__Lachnospiraceae|g__Coprococcus|s__Coprococcus_catus,116085,0.09,54
Coprococcus sp._ART55/1,d__Bacteria|p__Bacillota|c__Clostridia|o__Lachnospirales|f__Lachnospiraceae|g__Coprococcus|s__Coprococcus_sp._ART55/1,751585,0.09,53
Mediterraneibacter gnavus,d__Bacteria|p__Bacillota|c__Clostridia|o__Lachnospirales|f__Lachnospiraceae|g__Mediterraneibacter|s__Mediterraneibacter_gnavus,33038,0.17,92
Mediterraneibacter gnavus,d__Bacteria|p__Bacillota|c__Clostridia|o__Lachnospirales|f__Lachnospiraceae|g__Mediterraneibacter|s__Mediterraneibacter_gnavus,411470,0.02,14
[Ruminococcus] torques,d__Bacteria|p__Bacillota|c__Clostridia|o__Lachnospirales|f__Lachnospiraceae|g__Mediterraneibacter|s__[Ruminococcus]_torques,657313,0.06,37
Blautia sp._SC05B48,d__Bacteria|p__Bacillota|c__Clostridia|o__Lachnospirales|f__Lachnospiraceae|g__Blautia|s__Blautia_sp._SC05B48,2479767,0.02,11
Blautia liquoris,d__Bacteria|p__Bacillota|c__Clostridia|o__Lachnospirales|f__Lachnospiraceae|g__Blautia|s__Blautia_liquoris,2779518,0.0,1
Blautia obeum,d__Bacteria|p__Bacillota|c__Clostridia|o__Lachnospirales|f__Lachnospiraceae|g__Blautia|s__Blautia_obeum,657314,0.01,8
Anaerostipes hadrus,d__Bacteria|p__Bacillota|c__Clostridia|o__Lachnospirales|f__Lachnospiraceae|g__Anaerostipes|s__Anaerostipes_hadrus,649756,0.03,21
Anaerostipes caccae,d__Bacteria|p__Bacillota|c__Clostridia|o__Lachnospirales|f__Lachnospiraceae|g__Anaerostipes|s__Anaerostipes_caccae,105841,0.0,1
Enterocloster bolteae,d__Bacteria|p__Bacillota|c__Clostridia|o__Lachnospirales|f__Lachnospiraceae|g__Enterocloster|s__Enterocloster_bolteae,208479,0.01,4
Anaerobutyricum hallii,d__Bacteria|p__Bacillota|c__Clostridia|o__Lachnospirales|f__Lachnospiraceae|g__Anaerobutyricum|s__Anaerobutyricum_hallii,39488,0.01,4
Lachnoclostridium sp._YL32,d__Bacteria|p__Bacillota|c__Clostridia|o__Lachnospirales|f__Lachnospiraceae|g__Lachnoclostridium|s__Lachnoclostridium_sp._YL32,1834196,0.0,2
[Clostridium] scindens,d__Bacteria|p__Bacillota|c__Clostridia|o__Lachnospirales|f__Lachnospiraceae|g__Lachnoclostridium|s__[Clostridium]_scindens,29347,0.0,1
Lachnoclostridium phocaeense,d__Bacteria|p__Bacillota|c__Clostridia|o__Lachnospirales|f__Lachnospiraceae|g__Lachnoclostridium|s__Lachnoclostridium_phocaeense,1871021,0.0,1
Lacrimispora saccharolytica,d__Bacteria|p__Bacillota|c__Clostridia|o__Lachnospirales|f__Lachnospiraceae|g__Lacrimispora|s__Lacrimispora_saccharolytica,84030,0.0,1
Lacrimispora saccharolytica,d__Bacteria|p__Bacillota|c__Clostridia|o__Lachnospirales|f__Lachnospiraceae|g__Lacrimispora|s__Lacrimispora_saccharolytica,717608,0.0,1
Faecalibacterium prausnitzii,d__Bacteria|p__Bacillota|c__Clostridia|o__Eubacteriales|f__Oscillospiraceae|g__Faecalibacterium|s__Faecalibacterium_prausnitzii,853,2.08,1163
Faecalibacterium prausnitzii,d__Bacteria|p__Bacillota|c__Clostridia|o__Eubacteriales|f__Oscillospiraceae|g__Faecalibacterium|s__Faecalibacterium_prausnitzii,718252,0.12,71
Faecalibacterium prausnitzii,d__Bacteria|p__Bacillota|c__Clostridia|o__Eubacteriales|f__Oscillospiraceae|g__Faecalibacterium|s__Faecalibacterium_prausnitzii,657322,0.06,38
Ruminococcus bicirculans_(ex_Wegman_et_al._2014),d__Bacteria|p__Bacillota|c__Clostridia|o__Eubacteriales|f__Oscillospiraceae|g__Ruminococcus|s__Ruminococcus_bicirculans_(ex_Wegman_et_al._2014),1160721,0.13,82
Ruminococcus champanellensis,d__Bacteria|p__Bacillota|c__Clostridia|o__Eubacteriales|f__Oscillospiraceae|g__Ruminococcus|s__Ruminococcus_champanellensis,1161942,0.0,2
Flavonifractor plautii,d__Bacteria|p__Bacillota|c__Clostridia|o__Eubacteriales|f__Oscillospiraceae|g__Flavonifractor|s__Flavonifractor_plautii,292800,0.02,15
Ruthenibacterium lactatiformans,d__Bacteria|p__Bacillota|c__Clostridia|o__Eubacteriales|f__Oscillospiraceae|g__Ruthenibacterium|s__Ruthenibacterium_lactatiformans,1550024,0.02,10
Dysosmobacter welbionis,d__Bacteria|p__Bacillota|c__Clostridia|o__Eubacteriales|f__Oscillospiraceae|g__Dysosmobacter|s__Dysosmobacter_welbionis,2093857,0.01,8
Oscillibacter sp._PEA192,d__Bacteria|p__Bacillota|c__Clostridia|o__Eubacteriales|f__Oscillospiraceae|g__Oscillibacter|s__Oscillibacter_sp._PEA192,2109687,0.01,4
Oscillibacter hominis,d__Bacteria|p__Bacillota|c__Clostridia|o__Eubacteriales|f__Oscillospiraceae|g__Oscillibacter|s__Oscillibacter_hominis,2763056,0.0,3
Candidatus Sarcina_troglodytae,d__Bacteria|p__Bacillota|c__Clostridia|o__Eubacteriales|f__Clostridiaceae|g__Sarcina|s__Candidatus_Sarcina_troglodytae,2726954,0.02,10
Butyricicoccus sp._GAM44,d__Bacteria|p__Bacillota|c__Clostridia|o__Eubacteriales|f__Butyricicoccaceae|g__Butyricicoccus|s__Butyricicoccus_sp._GAM44,2109686,0.0,2
Clostridioides difficile,d__Bacteria|p__Bacillota|c__Clostridia|o__Peptostreptococcales|f__Peptostreptococcaceae|g__Clostridioides|s__Clostridioides_difficile,1496,0.02,11
Romboutsia ilealis,d__Bacteria|p__Bacillota|c__Clostridia|o__Peptostreptococcales|f__Peptostreptococcaceae|g__Romboutsia|s__Romboutsia_ilealis,1115758,0.0,1
Romboutsia sp._CE17,d__Bacteria|p__Bacillota|c__Clostridia|o__Peptostreptococcales|f__Peptostreptococcaceae|g__Romboutsia|s__Romboutsia_sp._CE17,2724150,0.0,1
Intestinimonas butyriciproducens,d__Bacteria|p__Bacillota|c__Clostridia|o__Eubacteriales|g__Intestinimonas|s__Intestinimonas_butyriciproducens,1297617,0.0,3
[Eubacterium] hominis,d__Bacteria|p__Bacillota|c__Erysipelotrichia|o__Erysipelotrichales|f__Erysipelotrichaceae|g__Amedibacillus|s__[Eubacterium]_hominis,2764325,0.0,2
Christensenella minuta,d__Bacteria|p__Bacillota|c__Clostridia|o__Christensenellales|f__Christensenellaceae|g__Christensenella|s__Christensenella_minuta,626937,0.0,1
Megamonas funiformis,d__Bacteria|p__Bacillota|c__Negativicutes|o__Selenomonadales|f__Selenomonadaceae|g__Megamonas|s__Megamonas_funiformis,437897,0.58,356
Megamonas hypermegale,d__Bacteria|p__Bacillota|c__Negativicutes|o__Selenomonadales|f__Selenomonadaceae|g__Megamonas|s__Megamonas_hypermegale,158847,0.0,1
Dialister massiliensis,d__Bacteria|p__Bacillota|c__Negativicutes|o__Veillonellales|f__Veillonellaceae|g__Dialister|s__Dialister_massiliensis,2161821,0.25,150
Megasphaera elsdenii,d__Bacteria|p__Bacillota|c__Negativicutes|o__Veillonellales|f__Veillonellaceae|g__Megasphaera|s__Megasphaera_elsdenii,907,0.06,30
Megasphaera elsdenii,d__Bacteria|p__Bacillota|c__Negativicutes|o__Veillonellales|f__Veillonellaceae|g__Megasphaera|s__Megasphaera_elsdenii,1458465,0.01,4
Megasphaera elsdenii,d__Bacteria|p__Bacillota|c__Negativicutes|o__Veillonellales|f__Veillonellaceae|g__Megasphaera|s__Megasphaera_elsdenii,1064535,0.0,2
Veillonella parvula,d__Bacteria|p__Bacillota|c__Negativicutes|o__Veillonellales|f__Veillonellaceae|g__Veillonella|s__Veillonella_parvula,29466,0.01,9
Veillonella atypica,d__Bacteria|p__Bacillota|c__Negativicutes|o__Veillonellales|f__Veillonellaceae|g__Veillonella|s__Veillonella_atypica,39777,0.0,2
Veillonella nakazawae,d__Bacteria|p__Bacillota|c__Negativicutes|o__Veillonellales|f__Veillonellaceae|g__Veillonella|s__Veillonella_nakazawae,2682456,0.0,1
Phascolarctobacterium faecium,d__Bacteria|p__Bacillota|c__Negativicutes|o__Acidaminococcales|f__Acidaminococcaceae|g__Phascolarctobacterium|s__Phascolarctobacterium_faecium,33025,0.05,29
Phascolarctobacterium sp._Marseille-Q4147,d__Bacteria|p__Bacillota|c__Negativicutes|o__Acidaminococcales|f__Acidaminococcaceae|g__Phascolarctobacterium|s__Phascolarctobacterium_sp._Marseille-Q4147,2823317,0.02,14
Acidaminococcus intestini,d__Bacteria|p__Bacillota|c__Negativicutes|o__Acidaminococcales|f__Acidaminococcaceae|g__Acidaminococcus|s__Acidaminococcus_intestini,187327,0.02,4
Acidaminococcus intestini,d__Bacteria|p__Bacillota|c__Negativicutes|o__Acidaminococcales|f__Acidaminococcaceae|g__Acidaminococcus|s__Acidaminococcus_intestini,568816,0.01,6
Streptococcus sp._A12,d__Bacteria|p__Bacillota|c__Bacilli|o__Lactobacillales|f__Streptococcaceae|g__Streptococcus|s__Streptococcus_sp._A12,1759399,0.0,3
Streptococcus sp._oral_taxon_061,d__Bacteria|p__Bacillota|c__Bacilli|o__Lactobacillales|f__Streptococcaceae|g__Streptococcus|s__Streptococcus_sp._oral_taxon_061,712623,0.0,2
Streptococcus ilei,d__Bacteria|p__Bacillota|c__Bacilli|o__Lactobacillales|f__Streptococcaceae|g__Streptococcus|s__Streptococcus_ilei,1156433,0.0,1
Streptococcus sp._LPB0220,d__Bacteria|p__Bacillota|c__Bacilli|o__Lactobacillales|f__Streptococcaceae|g__Streptococcus|s__Streptococcus_sp._LPB0220,2610896,0.0,1
Streptococcus sp._NPS_308,d__Bacteria|p__Bacillota|c__Bacilli|o__Lactobacillales|f__Streptococcaceae|g__Streptococcus|s__Streptococcus_sp._NPS_308,1902136,0.0,1
Streptococcus salivarius,d__Bacteria|p__Bacillota|c__Bacilli|o__Lactobacillales|f__Streptococcaceae|g__Streptococcus|s__Streptococcus_salivarius,1304,0.02,10
Streptococcus thermophilus,d__Bacteria|p__Bacillota|c__Bacilli|o__Lactobacillales|f__Streptococcaceae|g__Streptococcus|s__Streptococcus_thermophilus,1308,0.01,8
Streptococcus sanguinis,d__Bacteria|p__Bacillota|c__Bacilli|o__Lactobacillales|f__Streptococcaceae|g__Streptococcus|s__Streptococcus_sanguinis,1305,0.01,5
Streptococcus gordonii,d__Bacteria|p__Bacillota|c__Bacilli|o__Lactobacillales|f__Streptococcaceae|g__Streptococcus|s__Streptococcus_gordonii,1302,0.0,2
Streptococcus infantarius,d__Bacteria|p__Bacillota|c__Bacilli|o__Lactobacillales|f__Streptococcaceae|g__Streptococcus|s__Streptococcus_infantarius,102684,0.0,2
Streptococcus cristatus,d__Bacteria|p__Bacillota|c__Bacilli|o__Lactobacillales|f__Streptococcaceae|g__Streptococcus|s__Streptococcus_cristatus,45634,0.0,1
Streptococcus cristatus,d__Bacteria|p__Bacillota|c__Bacilli|o__Lactobacillales|f__Streptococcaceae|g__Streptococcus|s__Streptococcus_cristatus,889201,0.0,1
Streptococcus mitis,d__Bacteria|p__Bacillota|c__Bacilli|o__Lactobacillales|f__Streptococcaceae|g__Streptococcus|s__Streptococcus_mitis,28037,0.0,2
Streptococcus oralis,d__Bacteria|p__Bacillota|c__Bacilli|o__Lactobacillales|f__Streptococcaceae|g__Streptococcus|s__Streptococcus_oralis,1303,0.0,1
Streptococcus australis,d__Bacteria|p__Bacillota|c__Bacilli|o__Lactobacillales|f__Streptococcaceae|g__Streptococcus|s__Streptococcus_australis,113107,0.0,1
Lactococcus lactis,d__Bacteria|p__Bacillota|c__Bacilli|o__Lactobacillales|f__Streptococcaceae|g__Lactococcus|s__Lactococcus_lactis,1358,0.0,2
Ligilactobacillus ruminis,d__Bacteria|p__Bacillota|c__Bacilli|o__Lactobacillales|f__Lactobacillaceae|g__Ligilactobacillus|s__Ligilactobacillus_ruminis,1069534,0.13,81
Ligilactobacillus salivarius,d__Bacteria|p__Bacillota|c__Bacilli|o__Lactobacillales|f__Lactobacillaceae|g__Ligilactobacillus|s__Ligilactobacillus_salivarius,1624,0.01,8
Lactobacillus delbrueckii,d__Bacteria|p__Bacillota|c__Bacilli|o__Lactobacillales|f__Lactobacillaceae|g__Lactobacillus|s__Lactobacillus_delbrueckii,1584,0.02,12
Lactobacillus johnsonii,d__Bacteria|p__Bacillota|c__Bacilli|o__Lactobacillales|f__Lactobacillaceae|g__Lactobacillus|s__Lactobacillus_johnsonii,33959,0.0,1
Weissella confusa,d__Bacteria|p__Bacillota|c__Bacilli|o__Lactobacillales|f__Lactobacillaceae|g__Weissella|s__Weissella_confusa,1583,0.01,6
Weissella cibaria,d__Bacteria|p__Bacillota|c__Bacilli|o__Lactobacillales|f__Lactobacillaceae|g__Weissella|s__Weissella_cibaria,137591,0.0,1
Limosilactobacillus mucosae,d__Bacteria|p__Bacillota|c__Bacilli|o__Lactobacillales|f__Lactobacillaceae|g__Limosilactobacillus|s__Limosilactobacillus_mucosae,97478,0.0,3
Limosilactobacillus fermentum,d__Bacteria|p__Bacillota|c__Bacilli|o__Lactobacillales|f__Lactobacillaceae|g__Limosilactobacillus|s__Limosilactobacillus_fermentum,1613,0.0,2
Enterococcus hirae,d__Bacteria|p__Bacillota|c__Bacilli|o__Lactobacillales|f__Enterococcaceae|g__Enterococcus|s__Enterococcus_hirae,1354,0.01,6
Enterococcus cecorum,d__Bacteria|p__Bacillota|c__Bacilli|o__Lactobacillales|f__Enterococcaceae|g__Enterococcus|s__Enterococcus_cecorum,44008,0.0,3
Enterococcus faecium,d__Bacteria|p__Bacillota|c__Bacilli|o__Lactobacillales|f__Enterococcaceae|g__Enterococcus|s__Enterococcus_faecium,1352,0.0,1
Enterococcus avium,d__Bacteria|p__Bacillota|c__Bacilli|o__Lactobacillales|f__Enterococcaceae|g__Enterococcus|s__Enterococcus_avium,33945,0.0,1
Enterococcus casseliflavus,d__Bacteria|p__Bacillota|c__Bacilli|o__Lactobacillales|f__Enterococcaceae|g__Enterococcus|s__Enterococcus_casseliflavus,37734,0.0,1
Staphylococcus epidermidis,d__Bacteria|p__Bacillota|c__Bacilli|o__Bacillales|f__Staphylococcaceae|g__Staphylococcus|s__Staphylococcus_epidermidis,1282,0.0,1
Gemella sanguinis,d__Bacteria|p__Bacillota|c__Bacilli|o__Bacillales|f__Gemellaceae|g__Gemella|s__Gemella_sanguinis,84135,0.0,1
[Clostridium] innocuum,d__Bacteria|p__Bacillota|c__Clostridia|o__Eubacteriales|f__Clostridiaceae|g__Clostridium|s__[Clostridium]_innocuum,1522,0.01,6
Faecalitalea cylindroides,d__Bacteria|p__Bacillota|c__Erysipelotrichia|o__Erysipelotrichales|f__Erysipelotrichaceae|g__Faecalitalea|s__Faecalitalea_cylindroides,717960,0.01,4
Longibaculum sp._KGMB06250,d__Bacteria|p__Bacillota|c__Erysipelotrichia|o__Erysipelotrichales|f__Coprobacillaceae|g__Longibaculum|s__Longibaculum_sp._KGMB06250,2584943,0.0,3
Faecalibacillus intestinalis,d__Bacteria|p__Bacillota|c__Erysipelotrichia|o__Erysipelotrichales|f__Coprobacillaceae|g__Faecalibacillus|s__Faecalibacillus_intestinalis,1982626,0.0,1
Bifidobacterium adolescentis,d__Bacteria|p__Actinomycetota|c__Actinomycetes|o__Bifidobacteriales|f__Bifidobacteriaceae|g__Bifidobacterium|s__Bifidobacterium_adolescentis,1680,0.96,585
Bifidobacterium adolescentis,d__Bacteria|p__Actinomycetota|c__Actinomycetes|o__Bifidobacteriales|f__Bifidobacteriaceae|g__Bifidobacterium|s__Bifidobacterium_adolescentis,367928,0.01,5
Bifidobacterium longum,d__Bacteria|p__Actinomycetota|c__Actinomycetes|o__Bifidobacteriales|f__Bifidobacteriaceae|g__Bifidobacterium|s__Bifidobacterium_longum,216816,0.06,33
Bifidobacterium longum,d__Bacteria|p__Actinomycetota|c__Actinomycetes|o__Bifidobacteriales|f__Bifidobacteriaceae|g__Bifidobacterium|s__Bifidobacterium_longum,1679,0.0,1
Bifidobacterium longum,d__Bacteria|p__Actinomycetota|c__Actinomycetes|o__Bifidobacteriales|f__Bifidobacteriaceae|g__Bifidobacterium|s__Bifidobacterium_longum,1682,0.0,1
Bifidobacterium longum,d__Bacteria|p__Actinomycetota|c__Actinomycetes|o__Bifidobacteriales|f__Bifidobacteriaceae|g__Bifidobacterium|s__Bifidobacterium_longum,205913,0.0,1
Bifidobacterium catenulatum,d__Bacteria|p__Actinomycetota|c__Actinomycetes|o__Bifidobacteriales|f__Bifidobacteriaceae|g__Bifidobacterium|s__Bifidobacterium_catenulatum,1686,0.04,18
Bifidobacterium catenulatum,d__Bacteria|p__Actinomycetota|c__Actinomycetes|o__Bifidobacteriales|f__Bifidobacteriaceae|g__Bifidobacterium|s__Bifidobacterium_catenulatum,630129,0.01,3
Bifidobacterium catenulatum,d__Bacteria|p__Actinomycetota|c__Actinomycetes|o__Bifidobacteriales|f__Bifidobacteriaceae|g__Bifidobacterium|s__Bifidobacterium_catenulatum,1447716,0.0,3
Bifidobacterium catenulatum,d__Bacteria|p__Actinomycetota|c__Actinomycetes|o__Bifidobacteriales|f__Bifidobacteriaceae|g__Bifidobacterium|s__Bifidobacterium_catenulatum,1150460,0.0,1
Bifidobacterium pseudocatenulatum,d__Bacteria|p__Actinomycetota|c__Actinomycetes|o__Bifidobacteriales|f__Bifidobacteriaceae|g__Bifidobacterium|s__Bifidobacterium_pseudocatenulatum,28026,0.01,8
Bifidobacterium bifidum,d__Bacteria|p__Actinomycetota|c__Actinomycetes|o__Bifidobacteriales|f__Bifidobacteriaceae|g__Bifidobacterium|s__Bifidobacterium_bifidum,1681,0.01,7
Bifidobacterium dentium,d__Bacteria|p__Actinomycetota|c__Actinomycetes|o__Bifidobacteriales|f__Bifidobacteriaceae|g__Bifidobacterium|s__Bifidobacterium_dentium,1689,0.01,7
Bifidobacterium angulatum,d__Bacteria|p__Actinomycetota|c__Actinomycetes|o__Bifidobacteriales|f__Bifidobacteriaceae|g__Bifidobacterium|s__Bifidobacterium_angulatum,1683,0.01,4
Bifidobacterium breve,d__Bacteria|p__Actinomycetota|c__Actinomycetes|o__Bifidobacteriales|f__Bifidobacteriaceae|g__Bifidobacterium|s__Bifidobacterium_breve,1685,0.0,2
Bifidobacterium imperatoris,d__Bacteria|p__Actinomycetota|c__Actinomycetes|o__Bifidobacteriales|f__Bifidobacteriaceae|g__Bifidobacterium|s__Bifidobacterium_imperatoris,2020965,0.0,1
Rothia mucilaginosa,d__Bacteria|p__Actinomycetota|c__Actinomycetes|o__Micrococcales|f__Micrococcaceae|g__Rothia|s__Rothia_mucilaginosa,43675,0.01,5
Actinomyces oris,d__Bacteria|p__Actinomycetota|c__Actinomycetes|o__Actinomycetales|f__Actinomycetaceae|g__Actinomyces|s__Actinomyces_oris,544580,0.0,1
Actinomyces pacaensis,d__Bacteria|p__Actinomycetota|c__Actinomycetes|o__Actinomycetales|f__Actinomycetaceae|g__Actinomyces|s__Actinomyces_pacaensis,1852377,0.0,1
Actinomyces sp._oral_taxon_171,d__Bacteria|p__Actinomycetota|c__Actinomycetes|o__Actinomycetales|f__Actinomycetaceae|g__Actinomyces|s__Actinomyces_sp._oral_taxon_171,706439,0.0,1
Schaalia odontolytica,d__Bacteria|p__Actinomycetota|c__Actinomycetes|o__Actinomycetales|f__Actinomycetaceae|g__Schaalia|s__Schaalia_odontolytica,1660,0.0,1
Mycobacterium sp._MS1601,d__Bacteria|p__Actinomycetota|c__Actinomycetes|o__Mycobacteriales|f__Mycobacteriaceae|g__Mycobacterium|s__Mycobacterium_sp._MS1601,1936029,0.0,1
Collinsella aerofaciens,d__Bacteria|p__Actinomycetota|c__Coriobacteriia|o__Coriobacteriales|f__Coriobacteriaceae|g__Collinsella|s__Collinsella_aerofaciens,74426,0.18,103
Collinsella aerofaciens,d__Bacteria|p__Actinomycetota|c__Coriobacteriia|o__Coriobacteriales|f__Coriobacteriaceae|g__Collinsella|s__Collinsella_aerofaciens,411903,0.01,6
Olsenella sp._GAM18,d__Bacteria|p__Actinomycetota|c__Coriobacteriia|o__Coriobacteriales|f__Atopobiaceae|g__Olsenella|s__Olsenella_sp._GAM18,2109685,0.0,3
Parolsenella catena,d__Bacteria|p__Actinomycetota|c__Coriobacteriia|o__Coriobacteriales|f__Atopobiaceae|g__Parolsenella|s__Parolsenella_catena,2003188,0.0,1
Eggerthella lenta,d__Bacteria|p__Actinomycetota|c__Coriobacteriia|o__Eggerthellales|f__Eggerthellaceae|g__Eggerthella|s__Eggerthella_lenta,84112,0.0,1
Gordonibacter pamelaeae,d__Bacteria|p__Actinomycetota|c__Coriobacteriia|o__Eggerthellales|f__Eggerthellaceae|g__Gordonibacter|s__Gordonibacter_pamelaeae,657308,0.0,1
Klebsiella pneumoniae,d__Bacteria|p__Pseudomonadota|c__Gammaproteobacteria|o__Enterobacterales|f__Enterobacteriaceae|g__Klebsiella|s__Klebsiella_pneumoniae,573,0.01,4
Klebsiella variicola,d__Bacteria|p__Pseudomonadota|c__Gammaproteobacteria|o__Enterobacterales|f__Enterobacteriaceae|g__Klebsiella|s__Klebsiella_variicola,244366,0.0,1
Enterobacter cloacae,d__Bacteria|p__Pseudomonadota|c__Gammaproteobacteria|o__Enterobacterales|f__Enterobacteriaceae|g__Enterobacter|s__Enterobacter_cloacae,550,0.02,14
Enterobacter hormaechei,d__Bacteria|p__Pseudomonadota|c__Gammaproteobacteria|o__Enterobacterales|f__Enterobacteriaceae|g__Enterobacter|s__Enterobacter_hormaechei,158836,0.01,5
Enterobacter sp._SA187,d__Bacteria|p__Pseudomonadota|c__Gammaproteobacteria|o__Enterobacterales|f__Enterobacteriaceae|g__Enterobacter|s__Enterobacter_sp._SA187,1914861,0.0,2
Enterobacter bugandensis,d__Bacteria|p__Pseudomonadota|c__Gammaproteobacteria|o__Enterobacterales|f__Enterobacteriaceae|g__Enterobacter|s__Enterobacter_bugandensis,881260,0.0,1
Escherichia coli,d__Bacteria|p__Pseudomonadota|c__Gammaproteobacteria|o__Enterobacterales|f__Enterobacteriaceae|g__Escherichia|s__Escherichia_coli,562,0.08,49
Escherichia fergusonii,d__Bacteria|p__Pseudomonadota|c__Gammaproteobacteria|o__Enterobacterales|f__Enterobacteriaceae|g__Escherichia|s__Escherichia_fergusonii,564,0.0,1
Escherichia albertii,d__Bacteria|p__Pseudomonadota|c__Gammaproteobacteria|o__Enterobacterales|f__Enterobacteriaceae|g__Escherichia|s__Escherichia_albertii,208962,0.0,1
Citrobacter freundii,d__Bacteria|p__Pseudomonadota|c__Gammaproteobacteria|o__Enterobacterales|f__Enterobacteriaceae|g__Citrobacter|s__Citrobacter_freundii,546,0.0,1
Hafnia paralvei,d__Bacteria|p__Pseudomonadota|c__Gammaproteobacteria|o__Enterobacterales|f__Hafniaceae|g__Hafnia|s__Hafnia_paralvei,546367,0.0,1
Haemophilus parainfluenzae,d__Bacteria|p__Pseudomonadota|c__Gammaproteobacteria|o__Pasteurellales|f__Pasteurellaceae|g__Haemophilus|s__Haemophilus_parainfluenzae,729,0.09,55
Haemophilus pittmaniae,d__Bacteria|p__Pseudomonadota|c__Gammaproteobacteria|o__Pasteurellales|f__Pasteurellaceae|g__Haemophilus|s__Haemophilus_pittmaniae,249188,0.0,1
Aggregatibacter aphrophilus,d__Bacteria|p__Pseudomonadota|c__Gammaproteobacteria|o__Pasteurellales|f__Pasteurellaceae|g__Aggregatibacter|s__Aggregatibacter_aphrophilus,732,0.0,2
Aggregatibacter aphrophilus,d__Bacteria|p__Pseudomonadota|c__Gammaproteobacteria|o__Pasteurellales|f__Pasteurellaceae|g__Aggregatibacter|s__Aggregatibacter_aphrophilus,634176,0.0,1
Aggregatibacter segnis,d__Bacteria|p__Pseudomonadota|c__Gammaproteobacteria|o__Pasteurellales|f__Pasteurellaceae|g__Aggregatibacter|s__Aggregatibacter_segnis,739,0.0,1
Succinivibrio dextrinosolvens,d__Bacteria|p__Pseudomonadota|c__Gammaproteobacteria|o__Aeromonadales|f__Succinivibrionaceae|g__Succinivibrio|s__Succinivibrio_dextrinosolvens,83771,0.0,3
Sutterella wadsworthensis,d__Bacteria|p__Pseudomonadota|c__Betaproteobacteria|o__Burkholderiales|f__Sutterellaceae|g__Sutterella|s__Sutterella_wadsworthensis,40545,0.05,30
Sutterella faecalis,d__Bacteria|p__Pseudomonadota|c__Betaproteobacteria|o__Burkholderiales|f__Sutterellaceae|g__Sutterella|s__Sutterella_faecalis,2584944,0.04,24
Neisseria elongata,d__Bacteria|p__Pseudomonadota|c__Betaproteobacteria|o__Neisseriales|f__Neisseriaceae|g__Neisseria|s__Neisseria_elongata,495,0.0,1
Neisseria subflava,d__Bacteria|p__Pseudomonadota|c__Betaproteobacteria|o__Neisseriales|f__Neisseriaceae|g__Neisseria|s__Neisseria_subflava,28449,0.0,1
Candidatus Campylobacter_infans,d__Bacteria|p__Campylobacterota|c__Epsilonproteobacteria|o__Campylobacterales|f__Campylobacteraceae|g__Campylobacter|s__Candidatus_Campylobacter_infans,2561898,0.0,1
Akkermansia muciniphila,d__Bacteria|p__Verrucomicrobiota|c__Verrucomicrobiia|o__Verrucomicrobiales|f__Akkermansiaceae|g__Akkermansia|s__Akkermansia_muciniphila,239935,0.12,75
Fusobacterium mortiferum,d__Bacteria|p__Fusobacteriota|c__Fusobacteriia|o__Fusobacteriales|f__Fusobacteriaceae|g__Fusobacterium|s__Fusobacterium_mortiferum,469616,0.0,2
Fusobacterium nucleatum,d__Bacteria|p__Fusobacteriota|c__Fusobacteriia|o__Fusobacteriales|f__Fusobacteriaceae|g__Fusobacterium|s__Fusobacterium_nucleatum,851,0.0,1
Homo sapiens,d__Eukaryota|p__Chordata|c__Mammalia|o__Primates|f__Hominidae|g__Homo|s__Homo_sapiens,9606,0.43,263
Methanobrevibacter smithii,d__Archaea|p__Methanobacteriota|c__Methanobacteria|o__Methanobacteriales|f__Methanobacteriaceae|g__Methanobrevibacter|s__Methanobrevibacter_smithii,2173,0.0,3
Carjivirus communis,p__Uroviricota|c__Caudoviricetes|o__Crassvirales|f__Intestiviridae|g__Carjivirus|s__Carjivirus_communis,1211417,0.0,1
